Run ID,Command Number,Connections(s),Script,Requests Per Second,Mean,StdDeviation,Max,Total count,Buckets,SubBuckets,P50,P75,P90,P99,P99.9,P99.99,P99.999
1,1,16,scripts/social-network/read-home-timeline.lua,10,nan,nan,0.0,0.0,27.0,2048.0,0.00us,0.00us,0.00us,0.00us,0.00us,0.00us,0.00us
2,1,16,scripts/social-network/read-home-timeline.lua,10,nan,nan,0.0,0.0,27.0,2048.0,0.00us,0.00us,0.00us,0.00us,0.00us,0.00us,0.00us
3,1,16,scripts/social-network/read-home-timeline.lua,10,nan,nan,0.0,0.0,27.0,2048.0,0.00us,0.00us,0.00us,0.00us,0.00us,0.00us,0.00us
4,2,16,scripts/social-network/read-home-timeline.lua,100,28.262,13.608,151.168,4800.0,27.0,2048.0,25.47ms,32.37ms,41.12ms,80.70ms,142.98ms,151.29ms,151.29ms
5,2,16,scripts/social-network/read-home-timeline.lua,100,28.803,10.532,103.36,4800.0,27.0,2048.0,26.98ms,34.59ms,42.46ms,58.62ms,86.78ms,103.42ms,103.42ms
6,2,16,scripts/social-network/read-home-timeline.lua,100,32.293,15.03,165.632,4800.0,27.0,2048.0,29.26ms,37.57ms,48.58ms,96.38ms,125.57ms,165.76ms,165.76ms
7,3,16,scripts/social-network/read-home-timeline.lua,200,34.412,17.236,197.248,9997.0,27.0,2048.0,30.58ms,41.53ms,53.53ms,92.99ms,188.54ms,195.20ms,197.38ms
8,3,16,scripts/social-network/read-home-timeline.lua,200,42.188,29.793,326.912,10000.0,27.0,2048.0,36.00ms,47.78ms,62.72ms,206.98ms,278.02ms,311.81ms,327.17ms
9,3,16,scripts/social-network/read-home-timeline.lua,200,36.575,16.92,182.016,9999.0,27.0,2048.0,32.96ms,43.23ms,57.60ms,101.25ms,141.70ms,181.63ms,182.14ms
10,4,16,scripts/social-network/read-home-timeline.lua,500,348.582,345.297,1960.96,24040.0,27.0,2048.0,227.20ms,558.08ms,845.82ms,1.36s,1.82s,1.92s,1.96s
11,4,16,scripts/social-network/read-home-timeline.lua,500,724.696,705.0,2717.696,25328.0,27.0,2048.0,545.28ms,1.06s,1.94s,2.47s,2.64s,2.70s,2.72s
12,4,16,scripts/social-network/read-home-timeline.lua,500,930.093,796.811,2707.456,25064.0,27.0,2048.0,796.16ms,1.53s,2.16s,2.56s,2.66s,2.70s,2.71s
13,5,16,scripts/social-network/read-home-timeline.lua,750,7792.656,2568.943,14319.616,29010.0,27.0,2048.0,7.25s,9.57s,11.78s,13.80s,14.12s,14.27s,14.33s
14,5,16,scripts/social-network/read-home-timeline.lua,750,15395.874,6129.305,26787.84,20784.0,27.0,2048.0,15.33s,20.50s,23.87s,26.35s,26.76s,26.80s,26.80s
15,5,16,scripts/social-network/read-home-timeline.lua,750,14319.123,5430.743,26460.16,21730.0,27.0,2048.0,13.71s,19.02s,21.20s,25.66s,26.18s,26.38s,26.48s
16,6,16,scripts/social-network/read-home-timeline.lua,1000,19842.347,7732.675,32587.776,23829.0,27.0,2048.0,20.07s,27.36s,30.15s,32.18s,32.52s,32.60s,32.60s
17,6,16,scripts/social-network/read-home-timeline.lua,1000,17280.154,6833.661,31408.128,24465.0,27.0,2048.0,16.41s,22.94s,27.21s,30.69s,31.20s,31.42s,31.42s
18,6,16,scripts/social-network/read-home-timeline.lua,1000,16233.705,6969.38,30523.392,25311.0,27.0,2048.0,15.83s,21.10s,27.21s,29.85s,30.29s,30.51s,30.54s
19,7,1,scripts/social-network/read-home-timeline.lua,1000,18418.998,10029.17,37945.344,4313.0,27.0,2048.0,16.96s,26.64s,33.24s,37.62s,37.95s,37.98s,37.98s
20,7,1,scripts/social-network/read-home-timeline.lua,1000,17492.743,9343.607,35880.96,4431.0,27.0,2048.0,16.74s,24.58s,31.54s,35.45s,35.88s,35.91s,35.91s
21,7,1,scripts/social-network/read-home-timeline.lua,1000,21103.491,11850.189,42500.096,3711.0,27.0,2048.0,20.30s,31.85s,37.85s,42.04s,42.47s,42.53s,42.53s
22,8,2,scripts/social-network/read-home-timeline.lua,1000,26705.155,12996.336,47710.208,7159.0,27.0,2048.0,27.13s,37.42s,44.17s,47.35s,47.64s,47.74s,47.74s
23,8,2,scripts/social-network/read-home-timeline.lua,1000,27246.047,12933.677,48070.656,7091.0,27.0,2048.0,27.87s,37.62s,44.40s,47.74s,48.07s,48.10s,48.10s
24,8,2,scripts/social-network/read-home-timeline.lua,1000,22396.565,12281.37,44367.872,7943.0,27.0,2048.0,22.38s,31.98s,39.71s,43.91s,44.30s,44.40s,44.40s
25,9,4,scripts/social-network/read-home-timeline.lua,1000,26578.02,11590.238,46989.312,10695.0,27.0,2048.0,25.10s,37.39s,43.48s,46.73s,46.96s,47.02s,47.02s
26,9,4,scripts/social-network/read-home-timeline.lua,1000,27301.03,11064.761,45645.824,11991.0,27.0,2048.0,27.46s,37.62s,42.24s,45.25s,45.61s,45.68s,45.68s
27,9,4,scripts/social-network/read-home-timeline.lua,1000,27597.061,11141.392,46137.344,11758.0,27.0,2048.0,27.28s,38.40s,42.60s,45.84s,46.10s,46.14s,46.17s
28,10,8,scripts/social-network/read-home-timeline.lua,1000,21754.752,8962.069,37453.824,19031.0,27.0,2048.0,21.59s,30.15s,33.82s,36.93s,37.42s,37.49s,37.49s
29,10,8,scripts/social-network/read-home-timeline.lua,1000,21051.112,9781.313,37650.432,17175.0,27.0,2048.0,21.12s,29.87s,34.31s,37.29s,37.58s,37.68s,37.68s
30,10,8,scripts/social-network/read-home-timeline.lua,1000,19675.452,9348.84,36765.696,19121.0,27.0,2048.0,17.48s,28.75s,33.65s,36.37s,36.73s,36.80s,36.80s
31,11,16,scripts/social-network/read-home-timeline.lua,1000,14581.329,6196.99,26165.248,28544.0,27.0,2048.0,14.52s,19.71s,22.38s,25.43s,25.95s,26.15s,26.18s
32,11,16,scripts/social-network/read-home-timeline.lua,1000,17032.232,7669.193,28737.536,25799.0,27.0,2048.0,19.25s,23.46s,26.25s,28.02s,28.54s,28.70s,28.75s
33,11,16,scripts/social-network/read-home-timeline.lua,1000,12590.907,5733.055,22495.232,31763.0,27.0,2048.0,12.21s,17.87s,19.96s,21.89s,22.33s,22.48s,22.51s
34,12,32,scripts/social-network/read-home-timeline.lua,1000,21022.129,8888.475,35782.656,20705.0,27.0,2048.0,21.69s,29.34s,32.62s,34.50s,35.32s,35.72s,35.82s
35,12,32,scripts/social-network/read-home-timeline.lua,1000,19775.268,9495.657,36569.088,18899.0,27.0,2048.0,19.43s,28.66s,32.46s,35.75s,36.34s,36.54s,36.60s
36,12,32,scripts/social-network/read-home-timeline.lua,1000,18709.42,8249.83,33980.416,22078.0,27.0,2048.0,18.79s,25.80s,30.51s,33.03s,33.69s,33.91s,34.01s
37,13,64,scripts/social-network/read-home-timeline.lua,1000,21277.407,9223.296,36700.16,19499.0,27.0,2048.0,22.04s,29.43s,33.54s,35.95s,36.50s,36.70s,36.73s
38,13,64,scripts/social-network/read-home-timeline.lua,1000,20253.929,8742.414,36339.712,20344.0,27.0,2048.0,20.64s,27.98s,32.16s,35.03s,35.75s,36.08s,36.37s
39,13,64,scripts/social-network/read-home-timeline.lua,1000,20137.087,8816.038,36470.784,19770.0,27.0,2048.0,19.89s,27.89s,32.80s,35.49s,36.14s,36.44s,36.50s
40,14,16,scripts/social-network/compose-post.lua,10,291.34,80.137,516.608,400.0,27.0,2048.0,289.02ms,342.02ms,391.93ms,479.74ms,516.86ms,516.86ms,516.86ms
41,14,16,scripts/social-network/compose-post.lua,10,260.702,71.85,528.384,400.0,27.0,2048.0,260.99ms,300.03ms,340.73ms,498.43ms,528.90ms,528.90ms,528.90ms
42,14,16,scripts/social-network/compose-post.lua,10,261.33,82.879,475.904,400.0,27.0,2048.0,255.36ms,318.21ms,370.69ms,464.64ms,476.16ms,476.16ms,476.16ms
43,15,16,scripts/social-network/compose-post.lua,100,8893.47,4319.147,16842.752,3526.0,27.0,2048.0,8.97s,12.98s,14.71s,16.20s,16.68s,16.86s,16.86s
44,15,16,scripts/social-network/compose-post.lua,100,11040.888,4270.442,17711.104,3486.0,27.0,2048.0,12.03s,14.85s,16.13s,17.20s,17.69s,17.73s,17.73s
45,15,16,scripts/social-network/compose-post.lua,100,9282.99,3731.009,15482.88,3642.0,27.0,2048.0,9.93s,12.44s,13.84s,14.99s,15.39s,15.49s,15.49s
46,16,16,scripts/social-network/compose-post.lua,200,22318.408,9678.863,38567.936,3530.0,27.0,2048.0,22.82s,30.67s,35.59s,38.11s,38.47s,38.60s,38.60s
47,16,16,scripts/social-network/compose-post.lua,200,22736.962,9138.277,37814.272,3767.0,27.0,2048.0,23.53s,30.62s,34.90s,37.32s,37.65s,37.85s,37.85s
48,16,16,scripts/social-network/compose-post.lua,200,21258.474,8833.132,36995.072,3911.0,27.0,2048.0,21.73s,28.69s,33.24s,36.21s,36.77s,37.03s,37.03s
49,17,16,scripts/social-network/compose-post.lua,500,29041.269,12515.921,51642.368,3433.0,27.0,2048.0,28.82s,39.91s,46.53s,50.95s,0.86m,0.86m,0.86m
50,17,16,scripts/social-network/compose-post.lua,500,31721.882,12561.253,52658.176,3019.0,27.0,2048.0,32.36s,42.50s,48.63s,0.87m,0.88m,0.88m,0.88m
51,17,16,scripts/social-network/compose-post.lua,500,30255.975,12468.874,52133.888,3222.0,27.0,2048.0,29.97s,41.25s,47.55s,0.86m,0.87m,0.87m,0.87m
52,18,16,scripts/social-network/compose-post.lua,750,32849.826,12855.538,54460.416,3482.0,27.0,2048.0,33.36s,43.81s,50.23s,0.90m,0.91m,0.91m,0.91m
53,18,16,scripts/social-network/compose-post.lua,750,32246.437,13104.58,54722.56,3310.0,27.0,2048.0,32.26s,43.71s,50.40s,0.91m,0.91m,0.91m,0.91m
54,18,16,scripts/social-network/compose-post.lua,750,31572.311,12765.36,54001.664,3739.0,27.0,2048.0,31.46s,42.63s,49.55s,0.89m,0.90m,0.90m,0.90m
55,19,16,scripts/social-network/compose-post.lua,1000,32919.912,13378.913,56164.352,3006.0,27.0,2048.0,32.59s,44.76s,0.86m,0.93m,0.94m,0.94m,0.94m
56,19,16,scripts/social-network/compose-post.lua,1000,32497.539,13805.895,57114.624,2327.0,27.0,2048.0,31.46s,44.43s,0.87m,0.95m,0.95m,0.95m,0.95m
57,19,16,scripts/social-network/compose-post.lua,1000,33736.542,13631.405,57049.088,2478.0,27.0,2048.0,33.88s,45.74s,0.87m,0.94m,0.95m,0.95m,0.95m
58,20,1,scripts/social-network/compose-post.lua,1000,34546.096,14418.864,59146.24,663.0,27.0,2048.0,34.37s,47.25s,0.91m,0.98m,0.98m,0.99m,0.99m
59,20,1,scripts/social-network/compose-post.lua,1000,34878.96,14269.296,59179.008,655.0,27.0,2048.0,35.19s,47.19s,0.91m,0.98m,0.99m,0.99m,0.99m
60,20,1,scripts/social-network/compose-post.lua,1000,34911.656,14254.085,59146.24,625.0,27.0,2048.0,34.54s,47.32s,0.92m,0.98m,0.99m,0.99m,0.99m
61,21,2,scripts/social-network/compose-post.lua,1000,34437.131,14184.626,58785.792,931.0,27.0,2048.0,34.50s,46.56s,0.90m,0.97m,0.98m,0.98m,0.98m
62,21,2,scripts/social-network/compose-post.lua,1000,34489.736,14155.906,58851.328,911.0,27.0,2048.0,34.41s,46.66s,0.90m,0.97m,0.98m,0.98m,0.98m
63,21,2,scripts/social-network/compose-post.lua,1000,34923.529,14243.645,58851.328,912.0,27.0,2048.0,35.23s,47.64s,0.90m,0.98m,0.98m,0.98m,0.98m
64,22,4,scripts/social-network/compose-post.lua,1000,34453.323,14249.549,58392.576,1316.0,27.0,2048.0,34.73s,47.05s,0.90m,0.97m,0.97m,0.97m,0.97m
65,22,4,scripts/social-network/compose-post.lua,1000,35293.954,13948.759,58851.328,1122.0,27.0,2048.0,36.44s,46.69s,0.91m,0.97m,0.98m,0.98m,0.98m
66,22,4,scripts/social-network/compose-post.lua,1000,34293.832,14263.257,59080.704,1026.0,27.0,2048.0,34.70s,46.53s,0.90m,0.97m,0.98m,0.99m,0.99m
67,23,8,scripts/social-network/compose-post.lua,1000,35276.685,14000.602,58130.432,1623.0,27.0,2048.0,36.04s,47.78s,0.89m,0.96m,0.97m,0.97m,0.97m
68,23,8,scripts/social-network/compose-post.lua,1000,33586.23,13823.671,57933.824,1702.0,27.0,2048.0,33.85s,45.38s,0.89m,0.96m,0.97m,0.97m,0.97m
69,23,8,scripts/social-network/compose-post.lua,1000,34389.263,13323.736,57835.52,1735.0,27.0,2048.0,35.39s,45.48s,0.87m,0.95m,0.96m,0.96m,0.96m
70,24,16,scripts/social-network/compose-post.lua,1000,33028.094,13747.318,58195.968,2676.0,27.0,2048.0,33.36s,44.96s,0.86m,0.94m,0.96m,0.97m,0.97m
71,24,16,scripts/social-network/compose-post.lua,1000,33339.253,13465.482,56918.016,2755.0,27.0,2048.0,33.23s,44.96s,0.87m,0.94m,0.95m,0.95m,0.95m
72,24,16,scripts/social-network/compose-post.lua,1000,32758.566,13513.099,57212.928,2723.0,27.0,2048.0,32.57s,44.40s,0.86m,0.94m,0.95m,0.95m,0.95m
73,25,32,scripts/social-network/compose-post.lua,1000,32976.696,13082.428,56885.248,3230.0,27.0,2048.0,32.96s,44.17s,50.89s,0.93m,0.94m,0.95m,0.95m
74,25,32,scripts/social-network/compose-post.lua,1000,31697.825,13226.283,56721.408,3103.0,27.0,2048.0,31.46s,42.53s,50.59s,0.93m,0.94m,0.95m,0.95m
75,25,32,scripts/social-network/compose-post.lua,1000,32577.707,13460.412,57507.84,3055.0,27.0,2048.0,32.57s,44.37s,50.99s,0.93m,0.94m,0.96m,0.96m
76,26,64,scripts/social-network/compose-post.lua,1000,32520.428,13344.443,56524.8,3221.0,27.0,2048.0,33.00s,43.35s,0.86m,0.92m,0.94m,0.94m,0.94m
77,26,64,scripts/social-network/compose-post.lua,1000,32836.559,13155.121,56426.496,3371.0,27.0,2048.0,32.70s,44.07s,0.86m,0.92m,0.94m,0.94m,0.94m
78,26,64,scripts/social-network/compose-post.lua,1000,32956.647,13529.876,56983.552,3613.0,27.0,2048.0,33.28s,44.53s,0.86m,0.92m,0.93m,0.95m,0.95m
