Run ID,Command Number,Connections(s),Duration,Requests Per Second,Mean,StdDeviation,Max,Total count,Buckets,SubBuckets
1,1,1,60,1000,0.8,0.333,8.4,49999.0,27.0,2048.0
2,1,1,60,1000,0.85,0.367,7.316,49998.0,27.0,2048.0
3,1,1,60,1000,0.77,0.327,6.928,49998.0,27.0,2048.0
4,2,2,60,1000,0.722,0.183,6.74,49996.0,27.0,2048.0
5,2,2,60,1000,0.716,0.187,6.892,49998.0,27.0,2048.0
6,2,2,60,1000,0.726,0.176,6.996,49996.0,27.0,2048.0
7,3,4,60,1000,0.713,0.282,30.272,49998.0,27.0,2048.0
8,3,4,60,1000,0.714,0.287,17.312,49997.0,27.0,2048.0
9,3,4,60,1000,0.707,0.178,7.588,49995.0,27.0,2048.0
